time	V(d)	V(nc0)	V(nc1)	V(nc2)	V(nc3)	V(vdd)	V(y)	V(z)	V(n001)	V(n002)	V(n003)	V(n004)	I(C0)	I(C1)	I(C2)	I(C3)
0.000000000000000e+00	0.000000e+00	1.800000e+00	1.800000e+00	1.800000e+00	1.800000e+00	1.800000e+00	1.800000e+00	4.998462e-09	1.800000e+00	1.800000e+00	1.800000e+00	1.800000e+00	3.600000e-26	7.200000e-26	1.440000e-25	2.880000e-25
4.000000000000000e-20	3.600000e-09	1.800000e+00	1.800000e+00	1.800000e+00	1.800000e+00	1.800000e+00	1.692122e+00	5.450751e-09	1.800000e+00	1.800000e+00	1.800000e+00	1.800000e+00	0.000000e+00	-4.656613e-10	0.000000e+00	-1.862645e-09
7.657142857142861e-19	6.891429e-08	1.800000e+00	1.800000e+00	1.800000e+00	1.800000e+00	1.800000e+00	1.692233e+00	5.450264e-09	1.800000e+00	1.800000e+00	1.800000e+00	1.800000e+00	0.000000e+00	-2.003272e-10	1.277720e-11	-8.138326e-10
1.491428571428572e-18	1.342286e-07	1.800000e+00	1.800000e+00	1.800000e+00	1.800000e+00	1.800000e+00	1.692316e+00	5.449902e-09	1.800000e+00	1.800000e+00	1.800000e+00	1.800000e+00	0.000000e+00	-1.609912e-12	2.060238e-11	-2.592679e-11
2.217142857142858e-18	1.995429e-07	1.800000e+00	1.800000e+00	1.800000e+00	1.800000e+00	1.800000e+00	1.692370e+00	5.449665e-09	1.800000e+00	1.800000e+00	1.800000e+00	1.800000e+00	0.000000e+00	1.304905e-10	2.347555e-11	5.010722e-10
2.942857142857145e-18	2.648572e-07	1.800000e+00	1.800000e+00	1.800000e+00	1.800000e+00	1.800000e+00	1.692395e+00	5.449554e-09	1.800000e+00	1.800000e+00	1.800000e+00	1.800000e+00	0.000000e+00	1.959742e-10	2.139671e-11	7.671643e-10
3.668571428571431e-18	3.301714e-07	1.800000e+00	1.800000e+00	1.800000e+00	1.800000e+00	1.800000e+00	1.692392e+00	5.449568e-09	1.800000e+00	1.800000e+00	1.800000e+00	1.800000e+00	0.000000e+00	1.948409e-10	1.436585e-11	7.723497e-10
4.394285714285716e-18	3.954857e-07	1.800000e+00	1.800000e+00	1.800000e+00	1.800000e+00	1.800000e+00	1.692360e+00	5.449707e-09	1.800000e+00	1.800000e+00	1.800000e+00	1.800000e+00	0.000000e+00	1.270909e-10	2.382973e-12	5.166283e-10
5.120000000000000e-18	4.608000e-07	1.800000e+00	1.800000e+00	1.800000e+00	1.800000e+00	1.800000e+00	1.692300e+00	5.449972e-09	1.800000e+00	1.800000e+00	1.800000e+00	1.800000e+00	0.000000e+00	-7.275958e-12	-1.455192e-11	0.000000e+00
5.553520640000001e-12	4.998169e-01	1.800000e+00	1.800000e+00	1.800000e+00	1.800000e+00	1.800000e+00	1.692300e+00	5.449972e-09	1.800000e+00	1.800000e+00	1.800000e+00	1.800000e+00	-8.419931e-13	-8.597567e-13	-8.526513e-13	-8.242296e-13
5.556142080000000e-12	5.000528e-01	1.800000e+00	1.800000e+00	1.800000e+00	1.800000e+00	1.800000e+00	1.685230e+00	5.482289e-09	1.800000e+00	1.800000e+00	1.800000e+00	1.800000e+00	-1.037392e-12	-1.051603e-12	-1.051603e-12	-1.023182e-12
5.558108160000000e-12	5.002297e-01	1.800000e+00	1.800000e+00	1.800000e+00	1.800000e+00	1.800000e+00	1.643808e+00	5.681020e-09	1.800000e+00	1.800000e+00	1.800000e+00	1.800000e+00	-4.497736e-12	-4.476419e-12	-4.462208e-12	-4.547474e-12
5.560729600000000e-12	5.004657e-01	1.800000e+00	1.800000e+00	1.800000e+00	1.800000e+00	1.800000e+00	1.609292e+00	5.857644e-09	1.800000e+00	1.800000e+00	1.800000e+00	1.800000e+00	-1.586642e-11	-1.586642e-11	-1.587352e-11	-1.585931e-11
5.565972480000000e-12	5.009375e-01	1.800000e+00	1.800000e+00	1.800000e+00	1.800000e+00	1.800000e+00	1.574145e+00	6.049402e-09	1.800000e+00	1.800000e+00	1.800000e+00	1.800000e+00	-6.182610e-11	-6.182788e-11	-6.181722e-11	-6.183143e-11
5.576458240000000e-12	5.018812e-01	1.800000e+00	1.800000e+00	1.800000e+00	1.800000e+00	1.800000e+00	1.538215e+00	6.258747e-09	1.800000e+00	1.800000e+00	1.800000e+00	1.800000e+00	-2.465406e-10	-2.465406e-10	-2.465406e-10	-2.465370e-10
5.597429760000000e-12	5.037687e-01	1.800000e+00	1.800000e+00	1.800000e+00	1.800000e+00	1.800000e+00	1.502215e+00	6.483534e-09	1.800000e+00	1.800000e+00	1.800000e+00	1.800000e+00	-9.870686e-10	-9.870691e-10	-9.870700e-10	-9.870682e-10
5.639372800000000e-12	5.075436e-01	1.800000e+00	1.800000e+00	1.800000e+00	1.800000e+00	1.800000e+00	1.466306e+00	6.724457e-09	1.800000e+00	1.800000e+00	1.800000e+00	1.800000e+00	-3.952484e-09	-3.952484e-09	-3.952484e-09	-3.952483e-09
5.723258880000000e-12	5.150933e-01	1.800000e+00	1.800000e+00	1.800000e+00	1.800000e+00	1.800000e+00	1.430438e+00	6.983679e-09	1.800000e+00	1.800000e+00	1.800000e+00	1.800000e+00	-1.582068e-08	-1.582070e-08	-1.582070e-08	-1.582071e-08
5.891031040000000e-12	5.301928e-01	1.800000e+00	1.800000e+00	1.800000e+00	1.800000e+00	1.800000e+00	1.394575e+00	7.263639e-09	1.800000e+00	1.800000e+00	1.800000e+00	1.800000e+00	-6.330610e-08	-6.330656e-08	-6.330679e-08	-6.330691e-08
6.226575360000000e-12	5.603918e-01	1.799997e+00	1.799999e+00	1.799999e+00	1.800000e+00	1.800000e+00	1.358713e+00	7.566978e-09	1.800000e+00	1.800000e+00	1.800000e+00	1.800000e+00	-2.532604e-07	-2.532753e-07	-2.532827e-07	-2.532864e-07
6.897664000000001e-12	6.207898e-01	1.799976e+00	1.799988e+00	1.799994e+00	1.799997e+00	1.800000e+00	1.322800e+00	-8.772769e-09	1.800000e+00	1.800000e+00	1.800000e+00	1.800000e+00	-1.012702e-06	-1.013177e-06	-1.013415e-06	-1.013534e-06
8.239841280000002e-12	7.415857e-01	1.799806e+00	1.799903e+00	1.799951e+00	1.799976e+00	1.800000e+00	1.287536e+00	9.855964e-05	1.800000e+00	1.800000e+00	1.800000e+00	1.800000e+00	-4.037119e-06	-4.052063e-06	-4.059586e-06	-4.063361e-06
1.092419584000000e-11	9.831776e-01	1.798479e+00	1.799224e+00	1.799608e+00	1.799803e+00	1.800000e+00	1.251827e+00	1.544864e-03	1.800000e+00	1.800000e+00	1.800000e+00	1.800000e+00	-1.573596e-05	-1.617683e-05	-1.640906e-05	-1.652834e-05
1.629290496000000e-11	1.466361e+00	1.789273e+00	1.793922e+00	1.796717e+00	1.798285e+00	1.800000e+00	1.211295e+00	5.552826e-03	1.800000e+00	1.800000e+00	1.800000e+00	1.800000e+00	-5.285347e-05	-6.282956e-05	-6.974968e-05	-7.397130e-05
2.000000000000000e-11	1.800000e+00	1.777308e+00	1.786106e+00	1.792036e+00	1.795670e+00	1.800000e+00	1.189860e+00	8.846573e-03	1.800000e+00	1.800000e+00	1.800000e+00	1.800000e+00	-7.628726e-05	-1.058436e-04	-1.322533e-04	-1.516937e-04
2.741419007999999e-11	1.800000e+00	1.753440e+00	1.768037e+00	1.779567e+00	1.787828e+00	1.800000e+00	1.176703e+00	1.132722e-02	1.800000e+00	1.800000e+00	1.800000e+00	1.800000e+00	-5.251588e-05	-8.913699e-05	-1.368322e-04	-1.867366e-04
4.224257023999999e-11	1.800000e+00	1.719767e+00	1.738181e+00	1.754736e+00	1.768882e+00	1.800000e+00	1.153375e+00	1.666438e-02	1.800000e+00	1.800000e+00	1.800000e+00	1.800000e+00	-3.833140e-05	-7.193323e-05	-1.310772e-04	-2.221312e-04
6.224257024000000e-11	1.800000e+00	1.683521e+00	1.703971e+00	1.722742e+00	1.740197e+00	1.800000e+00	1.123297e+00	2.557176e-02	1.800000e+00	1.800000e+00	1.800000e+00	1.800000e+00	-3.417526e-05	-6.490268e-05	-1.248617e-04	-2.368317e-04
8.224257024000001e-11	1.800000e+00	1.649706e+00	1.671985e+00	1.691837e+00	1.710474e+00	1.800000e+00	1.093672e+00	3.700383e-02	1.800000e+00	1.800000e+00	1.800000e+00	1.800000e+00	-3.347459e-05	-6.306572e-05	-1.222944e-04	-2.387885e-04
1.022425702400000e-10	1.800000e+00	1.616145e+00	1.640613e+00	1.661451e+00	1.680726e+00	1.800000e+00	1.064551e+00	5.143527e-02	1.800000e+00	1.800000e+00	1.800000e+00	1.800000e+00	-3.366626e-05	-6.244572e-05	-1.206991e-04	-2.372348e-04
1.222425702400000e-10	1.800000e+00	1.582185e+00	1.609471e+00	1.631445e+00	1.651252e+00	1.800000e+00	1.035892e+00	6.958974e-02	1.800000e+00	1.800000e+00	1.800000e+00	1.800000e+00	-3.425744e-05	-6.211802e-05	-1.193372e-04	-2.343561e-04
1.422425702400000e-10	1.800000e+00	1.547451e+00	1.578465e+00	1.601797e+00	1.622182e+00	1.800000e+00	1.007797e+00	9.247494e-02	1.800000e+00	1.800000e+00	1.800000e+00	1.800000e+00	-3.522815e-05	-6.190764e-05	-1.178472e-04	-2.307444e-04
1.622425702400000e-10	1.800000e+00	1.511518e+00	1.547548e+00	1.572546e+00	1.593604e+00	1.800000e+00	9.803570e-01	1.217430e-01	1.800000e+00	1.800000e+00	1.800000e+00	1.800000e+00	-3.666820e-05	-6.176492e-05	-1.161447e-04	-2.264862e-04
1.822425702400000e-10	1.800000e+00	1.473839e+00	1.516682e+00	1.543754e+00	1.565602e+00	1.800000e+00	9.536809e-01	1.604825e-01	1.800000e+00	1.800000e+00	1.800000e+00	1.800000e+00	-3.873030e-05	-6.170503e-05	-1.141812e-04	-2.215130e-04
2.022425702400001e-10	1.800000e+00	1.433701e+00	1.485812e+00	1.515491e+00	1.538274e+00	1.800000e+00	9.279054e-01	2.166023e-01	1.800000e+00	1.800000e+00	1.800000e+00	1.800000e+00	-4.156938e-05	-6.177911e-05	-1.119202e-04	-2.157162e-04
2.222425702400001e-10	1.800000e+00	1.390290e+00	1.454849e+00	1.487831e+00	1.511728e+00	1.800000e+00	9.031692e-01	3.319538e-01	1.800000e+00	1.800000e+00	1.800000e+00	1.800000e+00	-4.525363e-05	-6.207318e-05	-1.093538e-04	-2.090208e-04
2.247425702400001e-10	1.800000e+00	1.384568e+00	1.450966e+00	1.484425e+00	1.508476e+00	1.800000e+00	9.001623e-01	3.838162e-01	1.800000e+00	1.800000e+00	1.800000e+00	1.800000e+00	-4.576853e-05	-6.212801e-05	-1.090127e-04	-2.081268e-04
2.247617091211385e-10	1.800000e+00	1.384525e+00	1.450936e+00	1.484399e+00	1.508451e+00	1.800000e+00	9.001394e-01	3.841270e-01	1.800000e+00	1.800000e+00	1.800000e+00	1.800000e+00	-4.577254e-05	-6.212850e-05	-1.090101e-04	-2.081199e-04
2.247808480022768e-10	1.800000e+00	1.384481e+00	1.450906e+00	1.484373e+00	1.508426e+00	1.800000e+00	9.001164e-01	3.850315e-01	1.800000e+00	1.800000e+00	1.800000e+00	1.800000e+00	-4.577655e-05	-6.212898e-05	-1.090075e-04	-2.081129e-04
2.247999868834152e-10	1.800000e+00	1.384437e+00	1.450876e+00	1.484347e+00	1.508401e+00	1.800000e+00	9.000934e-01	3.865295e-01	1.800000e+00	1.800000e+00	1.800000e+00	1.800000e+00	-4.578057e-05	-6.212947e-05	-1.090048e-04	-2.081059e-04
2.248191257645536e-10	1.800000e+00	1.384393e+00	1.450847e+00	1.484321e+00	1.508376e+00	1.800000e+00	9.000704e-01	3.886212e-01	1.800000e+00	1.800000e+00	1.800000e+00	1.800000e+00	-4.578458e-05	-6.212996e-05	-1.090022e-04	-2.080989e-04
2.248382646456920e-10	1.800000e+00	1.384349e+00	1.450817e+00	1.484294e+00	1.508351e+00	1.800000e+00	9.000475e-01	3.913066e-01	1.800000e+00	1.800000e+00	1.800000e+00	1.800000e+00	-4.578859e-05	-6.213045e-05	-1.089996e-04	-2.080919e-04
2.248574035268304e-10	1.800000e+00	1.384306e+00	1.450787e+00	1.484268e+00	1.508326e+00	1.800000e+00	9.000245e-01	3.945855e-01	1.800000e+00	1.800000e+00	1.800000e+00	1.800000e+00	-4.579261e-05	-6.213094e-05	-1.089970e-04	-2.080849e-04
2.248765424079688e-10	1.800000e+00	1.384262e+00	1.450758e+00	1.484242e+00	1.508301e+00	1.800000e+00	9.000015e-01	3.984582e-01	1.800000e+00	1.800000e+00	1.800000e+00	1.800000e+00	-4.579662e-05	-6.213143e-05	-1.089943e-04	-2.080780e-04
2.248777774162086e-10	1.800000e+00	1.384259e+00	1.450756e+00	1.484241e+00	1.508300e+00	1.800000e+00	9.000000e-01	3.999496e-01	1.800000e+00	1.800000e+00	1.800000e+00	1.800000e+00	-4.579688e-05	-6.213146e-05	-1.089942e-04	-2.080775e-04
2.248777869529517e-10	1.800000e+00	1.384259e+00	1.450756e+00	1.484241e+00	1.508300e+00	1.800000e+00	9.000000e-01	1.402509e+00	1.800000e+00	1.800000e+00	1.800000e+00	1.800000e+00	-4.579689e-05	-6.213147e-05	-1.089942e-04	-2.080775e-04
2.249670738167556e-10	1.800000e+00	1.384054e+00	1.450617e+00	1.484119e+00	1.508184e+00	1.800000e+00	8.998928e-01	1.411049e+00	1.800000e+00	1.800000e+00	1.800000e+00	1.800000e+00	-4.581563e-05	-6.213376e-05	-1.089819e-04	-2.080449e-04
2.250563606805595e-10	1.800000e+00	1.383850e+00	1.450478e+00	1.483997e+00	1.508068e+00	1.800000e+00	8.997856e-01	1.418248e+00	1.800000e+00	1.800000e+00	1.800000e+00	1.800000e+00	-4.583439e-05	-6.213605e-05	-1.089697e-04	-2.080122e-04
2.251456475443633e-10	1.800000e+00	1.383645e+00	1.450340e+00	1.483876e+00	1.507952e+00	1.800000e+00	8.996785e-01	1.424108e+00	1.800000e+00	1.800000e+00	1.800000e+00	1.800000e+00	-4.585316e-05	-6.213835e-05	-1.089574e-04	-2.079796e-04
2.252349344081672e-10	1.800000e+00	1.383440e+00	1.450201e+00	1.483754e+00	1.507836e+00	1.800000e+00	8.995714e-01	1.428627e+00	1.800000e+00	1.800000e+00	1.800000e+00	1.800000e+00	-4.587195e-05	-6.214067e-05	-1.089452e-04	-2.079469e-04
2.253242212719710e-10	1.800000e+00	1.383236e+00	1.450062e+00	1.483632e+00	1.507720e+00	1.800000e+00	8.994643e-01	1.431806e+00	1.800000e+00	1.800000e+00	1.800000e+00	1.800000e+00	-4.589075e-05	-6.214299e-05	-1.089329e-04	-2.079143e-04
2.254135081357749e-10	1.800000e+00	1.383031e+00	1.449923e+00	1.483511e+00	1.507604e+00	1.800000e+00	8.993572e-01	1.433646e+00	1.800000e+00	1.800000e+00	1.800000e+00	1.800000e+00	-4.590956e-05	-6.214531e-05	-1.089206e-04	-2.078816e-04
2.255027949995787e-10	1.800000e+00	1.382826e+00	1.449785e+00	1.483389e+00	1.507488e+00	1.800000e+00	8.992502e-01	1.434144e+00	1.800000e+00	1.800000e+00	1.800000e+00	1.800000e+00	-4.592839e-05	-6.214765e-05	-1.089084e-04	-2.078488e-04
2.273777949995788e-10	1.800000e+00	1.378501e+00	1.446870e+00	1.480840e+00	1.505056e+00	1.800000e+00	8.970081e-01	1.466716e+00	1.800000e+00	1.800000e+00	1.800000e+00	1.800000e+00	-4.632710e-05	-6.219837e-05	-1.086495e-04	-2.071577e-04
2.298777949995787e-10	1.800000e+00	1.372676e+00	1.442981e+00	1.477450e+00	1.501826e+00	1.800000e+00	8.940353e-01	1.492465e+00	1.800000e+00	1.800000e+00	1.800000e+00	1.800000e+00	-4.686821e-05	-6.227120e-05	-1.083009e-04	-2.062244e-04
2.348777949995787e-10	1.800000e+00	1.360820e+00	1.435187e+00	1.470703e+00	1.495412e+00	1.800000e+00	8.881490e-01	1.526909e+00	1.800000e+00	1.800000e+00	1.800000e+00	1.800000e+00	-4.798110e-05	-6.243581e-05	-1.075929e-04	-2.043177e-04
2.448777949995787e-10	1.800000e+00	1.336247e+00	1.419526e+00	1.457345e+00	1.482766e+00	1.800000e+00	8.766194e-01	1.571575e+00	1.800000e+00	1.800000e+00	1.800000e+00	1.800000e+00	-5.031374e-05	-6.284927e-05	-1.061391e-04	-2.003505e-04
2.648777949995787e-10	1.800000e+00	1.283493e+00	1.387793e+00	1.431184e+00	1.458250e+00	1.800000e+00	8.545833e-01	1.624161e+00	1.800000e+00	1.800000e+00	1.800000e+00	1.800000e+00	-5.519346e-05	-6.408506e-05	-1.031510e-04	-1.919049e-04
2.848777949995787e-10	1.800000e+00	1.226441e+00	1.355259e+00	1.405732e+00	1.434778e+00	1.800000e+00	8.338026e-01	1.659761e+00	1.800000e+00	1.800000e+00	1.800000e+00	1.800000e+00	-5.890732e-05	-6.606687e-05	-1.004671e-04	-1.836320e-04
3.048777949995787e-10	1.800000e+00	1.166665e+00	1.321532e+00	1.380880e+00	1.412298e+00	1.800000e+00	8.141598e-01	1.684940e+00	1.800000e+00	1.800000e+00	1.800000e+00	1.800000e+00	-6.063591e-05	-6.887026e-05	-9.834901e-05	-1.760234e-04
3.248777949995787e-10	1.800000e+00	1.106216e+00	1.286227e+00	1.356474e+00	1.390719e+00	1.800000e+00	7.955363e-01	1.704421e+00	1.800000e+00	1.800000e+00	1.800000e+00	1.800000e+00	-6.025956e-05	-7.237023e-05	-9.690477e-05	-1.692208e-04
3.448777949995787e-10	1.800000e+00	1.047086e+00	1.249169e+00	1.332327e+00	1.369921e+00	1.800000e+00	7.777343e-01	1.720054e+00	1.800000e+00	1.800000e+00	1.800000e+00	1.800000e+00	-5.799881e-05	-7.587249e-05	-9.628004e-05	-1.635265e-04
3.648777949995786e-10	1.800000e+00	9.909422e-01	1.210464e+00	1.308231e+00	1.349769e+00	1.800000e+00	7.606049e-01	1.732881e+00	1.800000e+00	1.800000e+00	1.800000e+00	1.800000e+00	-5.428628e-05	-7.894926e-05	-9.648922e-05	-1.589013e-04
3.848777949995786e-10	1.800000e+00	9.389710e-01	1.170394e+00	1.283993e+00	1.330139e+00	1.800000e+00	7.440520e-01	1.743576e+00	1.800000e+00	1.800000e+00	1.800000e+00	1.800000e+00	-4.964938e-05	-8.133308e-05	-9.742651e-05	-1.551804e-04
4.048777949995786e-10	1.800000e+00	8.918353e-01	1.129347e+00	1.259462e+00	1.310924e+00	1.800000e+00	7.279873e-01	1.752606e+00	1.800000e+00	1.800000e+00	1.800000e+00	1.800000e+00	-4.461194e-05	-8.285392e-05	-9.882513e-05	-1.522648e-04
4.248777949995786e-10	1.800000e+00	8.497260e-01	1.087778e+00	1.234538e+00	1.292036e+00	1.800000e+00	7.123901e-01	1.760276e+00	1.800000e+00	1.800000e+00	1.800000e+00	1.800000e+00	-3.959503e-05	-8.342229e-05	-1.005746e-04	-1.499398e-04
4.448777949995786e-10	1.800000e+00	8.124711e-01	1.046164e+00	1.209146e+00	1.273415e+00	1.800000e+00	6.972291e-01	1.766822e+00	1.800000e+00	1.800000e+00	1.800000e+00	1.800000e+00	-3.490328e-05	-8.303520e-05	-1.025732e-04	-1.480067e-04
4.648777949995786e-10	1.800000e+00	7.796593e-01	1.004969e+00	1.183238e+00	1.255015e+00	1.800000e+00	6.824986e-01	1.772417e+00	1.800000e+00	1.800000e+00	1.800000e+00	1.800000e+00	-3.071019e-05	-8.174306e-05	-1.046898e-04	-1.463823e-04
4.848777949995785e-10	1.800000e+00	7.507566e-01	9.646235e-01	1.156804e+00	1.236802e+00	1.800000e+00	6.681932e-01	1.777203e+00	1.800000e+00	1.800000e+00	1.800000e+00	1.800000e+00	-2.708721e-05	-7.964067e-05	-1.067878e-04	-1.450453e-04
5.048777949995786e-10	1.800000e+00	7.251921e-01	9.254993e-01	1.129863e+00	1.218737e+00	1.800000e+00	6.542984e-01	1.781294e+00	1.800000e+00	1.800000e+00	1.800000e+00	1.800000e+00	-2.403563e-05	-7.685597e-05	-1.087398e-04	-1.439989e-04
5.248777949995786e-10	1.800000e+00	7.024156e-01	8.879012e-01	1.102467e+00	1.200784e+00	1.800000e+00	6.407936e-01	1.784790e+00	1.800000e+00	1.800000e+00	1.800000e+00	1.800000e+00	-2.151315e-05	-7.353572e-05	-1.104353e-04	-1.432510e-04
5.448777949995786e-10	1.800000e+00	6.819303e-01	8.520590e-01	1.074689e+00	1.182906e+00	1.800000e+00	6.276568e-01	1.787770e+00	1.800000e+00	1.800000e+00	1.800000e+00	1.800000e+00	-1.945453e-05	-6.983193e-05	-1.117875e-04	-1.428022e-04
5.648777949995787e-10	1.800000e+00	6.633089e-01	8.181280e-01	1.046624e+00	1.165065e+00	1.800000e+00	6.148682e-01	1.790303e+00	1.800000e+00	1.800000e+00	1.800000e+00	1.800000e+00	-1.778634e-05	-6.589042e-05	-1.127349e-04	-1.426422e-04
5.848777949995787e-10	1.800000e+00	6.461969e-01	7.861943e-01	1.018377e+00	1.147229e+00	1.800000e+00	6.024118e-01	1.792442e+00	1.800000e+00	1.800000e+00	1.800000e+00	1.800000e+00	-1.643648e-05	-6.184263e-05	-1.132403e-04	-1.427502e-04
6.048777949995787e-10	1.800000e+00	6.303083e-01	7.562830e-01	9.900607e-01	1.129363e+00	1.800000e+00	5.902746e-01	1.794236e+00	1.800000e+00	1.800000e+00	1.800000e+00	1.800000e+00	-1.533990e-05	-5.780067e-05	-1.132872e-04	-1.430972e-04
6.248777949995788e-10	1.800000e+00	6.154175e-01	7.283685e-01	9.617903e-01	1.111442e+00	1.800000e+00	5.784447e-01	1.795723e+00	1.800000e+00	1.800000e+00	1.800000e+00	1.800000e+00	-1.444141e-05	-5.385551e-05	-1.128763e-04	-1.436484e-04
6.448777949995788e-10	1.800000e+00	6.013484e-01	7.023848e-01	9.336780e-01	1.093441e+00	1.800000e+00	5.669099e-01	1.796940e+00	1.800000e+00	1.800000e+00	1.800000e+00	1.800000e+00	-1.369646e-05	-5.007712e-05	-1.120226e-04	-1.443646e-04
6.648777949995788e-10	1.800000e+00	5.879648e-01	6.782361e-01	9.058312e-01	1.075343e+00	1.800000e+00	5.556560e-01	1.797917e+00	1.800000e+00	1.800000e+00	1.800000e+00	1.800000e+00	-1.307060e-05	-4.651615e-05	-1.107518e-04	-1.452036e-04
6.848777949995789e-10	1.800000e+00	5.751605e-01	6.558052e-01	8.783500e-01	1.057135e+00	1.800000e+00	5.446663e-01	1.798678e+00	1.800000e+00	1.800000e+00	1.800000e+00	1.800000e+00	-1.253801e-05	-4.320621e-05	-1.090986e-04	-1.461214e-04
7.048777949995789e-10	1.800000e+00	5.628516e-01	6.349617e-01	8.513247e-01	1.038811e+00	1.800000e+00	5.339224e-01	1.799249e+00	1.800000e+00	1.800000e+00	1.800000e+00	1.800000e+00	-1.207982e-05	-4.016648e-05	-1.071037e-04	-1.470736e-04
7.248777949995789e-10	1.800000e+00	5.509706e-01	6.155688e-01	8.248352e-01	1.020368e+00	1.800000e+00	5.234043e-01	1.799647e+00	1.800000e+00	1.800000e+00	1.800000e+00	1.800000e+00	-1.168225e-05	-3.740422e-05	-1.048121e-04	-1.480177e-04
7.448777949995790e-10	1.800000e+00	5.394620e-01	5.974882e-01	7.989498e-01	1.001809e+00	1.800000e+00	5.130920e-01	1.799891e+00	1.800000e+00	1.800000e+00	1.800000e+00	1.800000e+00	-1.133511e-05	-3.491718e-05	-1.022710e-04	-1.489144e-04
7.648777949995790e-10	1.800000e+00	5.282792e-01	5.805849e-01	7.737250e-01	9.831443e-01	1.800000e+00	5.029662e-01	1.799994e+00	1.800000e+00	1.800000e+00	1.800000e+00	1.800000e+00	-1.103052e-05	-3.269578e-05	-9.952745e-05	-1.497288e-04
7.848777949995791e-10	1.800000e+00	5.173829e-01	5.647296e-01	7.492056e-01	9.643843e-01	1.800000e+00	4.930100e-01	1.800000e+00	1.800000e+00	1.800000e+00	1.800000e+00	1.800000e+00	-1.076207e-05	-3.072515e-05	-9.662759e-05	-1.504316e-04
8.048777949995791e-10	1.800000e+00	5.067397e-01	5.498015e-01	7.254253e-01	9.455448e-01	1.800000e+00	4.832079e-01	1.800000e+00	1.800000e+00	1.800000e+00	1.800000e+00	1.800000e+00	-1.052434e-05	-2.898663e-05	-9.361496e-05	-1.509992e-04
8.248777949995791e-10	1.800000e+00	4.963214e-01	5.356899e-01	7.024072e-01	9.266440e-01	1.800000e+00	4.735473e-01	1.800000e+00	1.800000e+00	1.800000e+00	1.800000e+00	1.800000e+00	-1.031247e-05	-2.745957e-05	-9.052981e-05	-1.514136e-04
8.448777949995792e-10	1.800000e+00	4.861041e-01	5.222944e-01	6.801648e-01	9.077018e-01	1.800000e+00	4.640179e-01	1.800000e+00	1.800000e+00	1.800000e+00	1.800000e+00	1.800000e+00	-1.012215e-05	-2.612233e-05	-8.740857e-05	-1.516619e-04
8.648777949995792e-10	1.800000e+00	4.760683e-01	5.095255e-01	6.587033e-01	8.887395e-01	1.800000e+00	4.546116e-01	1.800000e+00	1.800000e+00	1.800000e+00	1.800000e+00	1.800000e+00	-9.949533e-06	-2.495329e-05	-8.428346e-05	-1.517354e-04
8.848777949995792e-10	1.800000e+00	4.661980e-01	4.973042e-01	6.380200e-01	8.697792e-01	1.800000e+00	4.453222e-01	1.800000e+00	1.800000e+00	1.800000e+00	1.800000e+00	1.800000e+00	-9.791223e-06	-2.393161e-05	-8.118247e-05	-1.516296e-04
9.048777949995793e-10	1.800000e+00	4.564802e-01	4.855619e-01	6.181060e-01	8.508434e-01	1.800000e+00	4.361453e-01	1.800000e+00	1.800000e+00	1.800000e+00	1.800000e+00	1.800000e+00	-9.644287e-06	-2.303768e-05	-7.812937e-05	-1.513428e-04
9.248777949995793e-10	1.800000e+00	4.469050e-01	4.742391e-01	5.989469e-01	8.319548e-01	1.800000e+00	4.270777e-01	1.800000e+00	1.800000e+00	1.800000e+00	1.800000e+00	1.800000e+00	-9.506237e-06	-2.225347e-05	-7.514391e-05	-1.508760e-04
9.448777949995793e-10	1.800000e+00	4.374644e-01	4.632851e-01	5.805236e-01	8.131355e-01	1.800000e+00	4.181170e-01	1.800000e+00	1.800000e+00	1.800000e+00	1.800000e+00	1.800000e+00	-9.375001e-06	-2.156272e-05	-7.224204e-05	-1.502320e-04
9.648777949995793e-10	1.800000e+00	4.281525e-01	4.526567e-01	5.628138e-01	7.944075e-01	1.800000e+00	4.092621e-01	1.800000e+00	1.800000e+00	1.800000e+00	1.800000e+00	1.800000e+00	-9.248895e-06	-2.095093e-05	-6.943628e-05	-1.494155e-04
9.848777949995792e-10	1.800000e+00	4.189648e-01	4.423176e-01	5.457922e-01	7.757921e-01	1.800000e+00	4.005120e-01	1.800000e+00	1.800000e+00	1.800000e+00	1.800000e+00	1.800000e+00	-9.126566e-06	-2.040543e-05	-6.673593e-05	-1.484324e-04
1.024877794999579e-09	1.800000e+00	4.009500e-01	4.223910e-01	5.137039e-01	7.389792e-01	1.800000e+00	3.833255e-01	1.800000e+00	1.800000e+00	1.800000e+00	1.800000e+00	1.800000e+00	-8.889225e-06	-1.947070e-05	-6.167517e-05	-1.459949e-04
1.084877794999579e-09	1.800000e+00	3.748047e-01	3.940629e-01	4.700225e-01	6.850818e-01	1.800000e+00	3.583330e-01	1.800000e+00	1.800000e+00	1.800000e+00	1.800000e+00	1.800000e+00	-8.541810e-06	-1.833746e-05	-5.496506e-05	-1.412843e-04
1.144877794999579e-09	1.800000e+00	3.496974e-01	3.672799e-01	4.309860e-01	6.331539e-01	1.800000e+00	3.342975e-01	1.800000e+00	1.800000e+00	1.800000e+00	1.800000e+00	1.800000e+00	-8.196227e-06	-1.739296e-05	-4.927669e-05	-1.355282e-04
1.204877794999578e-09	1.800000e+00	3.256301e-01	3.418331e-01	3.958670e-01	5.835398e-01	1.800000e+00	3.112381e-01	1.800000e+00	1.800000e+00	1.800000e+00	1.800000e+00	1.800000e+00	-7.848174e-06	-1.654619e-05	-4.449827e-05	-1.289823e-04
1.264877794999578e-09	1.800000e+00	3.026128e-01	3.176166e-01	3.640371e-01	5.364887e-01	1.800000e+00	2.891752e-01	1.800000e+00	1.800000e+00	1.800000e+00	1.800000e+00	1.800000e+00	-7.496006e-06	-1.574711e-05	-4.048338e-05	-1.218938e-04
1.324877794999578e-09	1.800000e+00	2.806588e-01	2.945806e-01	3.349802e-01	4.921612e-01	1.800000e+00	2.681288e-01	1.800000e+00	1.800000e+00	1.800000e+00	1.800000e+00	1.800000e+00	-7.139378e-06	-1.496947e-05	-3.708193e-05	-1.144875e-04
1.367734937856721e-09	1.800000e+00	2.656348e-01	2.788428e-01	3.158758e-01	4.622724e-01	1.800000e+00	2.537262e-01	1.800000e+00	1.800000e+00	1.800000e+00	1.800000e+00	1.800000e+00	-6.880234e-06	-1.441866e-05	-3.502006e-05	-1.090162e-04
1.410592080713863e-09	1.800000e+00	2.511659e-01	2.636869e-01	2.976614e-01	4.337764e-01	1.800000e+00	2.398593e-01	1.800000e+00	1.800000e+00	1.800000e+00	1.800000e+00	1.800000e+00	-6.621356e-06	-1.387061e-05	-3.308467e-05	-1.036452e-04
1.453449223571006e-09	1.800000e+00	2.372521e-01	2.491128e-01	2.803369e-01	4.066732e-01	1.800000e+00	2.265279e-01	1.800000e+00	1.800000e+00	1.800000e+00	1.800000e+00	1.800000e+00	-6.362746e-06	-1.332534e-05	-3.127574e-05	-9.837449e-05
1.496306366428149e-09	1.800000e+00	2.238934e-01	2.351207e-01	2.639022e-01	3.809629e-01	1.800000e+00	2.137321e-01	1.800000e+00	1.800000e+00	1.800000e+00	1.800000e+00	1.800000e+00	-6.104401e-06	-1.278283e-05	-2.959328e-05	-9.320410e-05
1.539163509285292e-09	1.800000e+00	2.110897e-01	2.217105e-01	2.483575e-01	3.566455e-01	1.800000e+00	2.014719e-01	1.800000e+00	1.800000e+00	1.800000e+00	1.800000e+00	1.800000e+00	-5.846324e-06	-1.224309e-05	-2.803728e-05	-8.813402e-05
1.582020652142434e-09	1.800000e+00	1.988412e-01	2.088822e-01	2.337026e-01	3.337209e-01	1.800000e+00	1.897473e-01	1.800000e+00	1.800000e+00	1.800000e+00	1.800000e+00	1.800000e+00	-5.588513e-06	-1.170612e-05	-2.660776e-05	-8.316425e-05
1.624877794999577e-09	1.800000e+00	1.871478e-01	1.966358e-01	2.199377e-01	3.121892e-01	1.800000e+00	1.785583e-01	1.800000e+00	1.800000e+00	1.800000e+00	1.800000e+00	1.800000e+00	-5.330969e-06	-1.117191e-05	-2.530470e-05	-7.829479e-05
1.687734937856720e-09	1.800000e+00	1.710860e-01	1.797986e-01	2.009887e-01	2.831754e-01	1.800000e+00	1.632001e-01	1.800000e+00	1.800000e+00	1.800000e+00	1.800000e+00	1.800000e+00	-4.958388e-06	-1.039616e-05	-2.344107e-05	-7.162014e-05
1.750592080713862e-09	1.800000e+00	1.560594e-01	1.640419e-01	1.832790e-01	2.562855e-01	1.800000e+00	1.488358e-01	1.800000e+00	1.800000e+00	1.800000e+00	1.800000e+00	1.800000e+00	-4.600655e-06	-9.650739e-06	-2.167141e-05	-6.536568e-05
1.813449223571005e-09	1.800000e+00	1.420680e-01	1.493657e-01	1.668086e-01	2.315194e-01	1.800000e+00	1.354655e-01	1.800000e+00	1.800000e+00	1.800000e+00	1.800000e+00	1.800000e+00	-4.257770e-06	-8.935644e-06	-1.999573e-05	-5.953142e-05
1.876306366428148e-09	1.800000e+00	1.291117e-01	1.357699e-01	1.515775e-01	2.088770e-01	1.800000e+00	1.230892e-01	1.800000e+00	1.800000e+00	1.800000e+00	1.800000e+00	1.800000e+00	-3.929733e-06	-8.250877e-06	-1.841402e-05	-5.411736e-05
1.939163509285290e-09	1.800000e+00	1.171907e-01	1.232547e-01	1.375856e-01	1.883584e-01	1.800000e+00	1.117068e-01	1.800000e+00	1.800000e+00	1.800000e+00	1.800000e+00	1.800000e+00	-3.616545e-06	-7.596437e-06	-1.692628e-05	-4.912350e-05
2.002020652142433e-09	1.800000e+00	1.063048e-01	1.118199e-01	1.248331e-01	1.699636e-01	1.800000e+00	1.013184e-01	1.800000e+00	1.800000e+00	1.800000e+00	1.800000e+00	1.800000e+00	-3.318204e-06	-6.972325e-06	-1.553252e-05	-4.454984e-05
2.064877794999575e-09	1.800000e+00	9.645418e-02	1.014656e-01	1.133199e-01	1.536926e-01	1.800000e+00	9.192405e-02	1.800000e+00	1.800000e+00	1.800000e+00	1.800000e+00	1.800000e+00	-3.034711e-06	-6.378540e-06	-1.423274e-05	-4.039637e-05
2.122020652142432e-09	1.800000e+00	8.822974e-02	9.282027e-02	1.036737e-01	1.401132e-01	1.800000e+00	8.408037e-02	1.800000e+00	1.800000e+00	1.800000e+00	1.800000e+00	1.800000e+00	-2.796768e-06	-5.879668e-06	-1.312167e-05	-3.694867e-05
2.179163509285289e-09	1.800000e+00	8.056403e-02	8.476145e-02	9.468074e-02	1.275077e-01	1.800000e+00	7.677023e-02	1.800000e+00	1.800000e+00	1.800000e+00	1.800000e+00	1.800000e+00	-2.572822e-06	-5.409979e-06	-1.207548e-05	-3.373617e-05
2.236306366428146e-09	1.800000e+00	7.345704e-02	7.728911e-02	8.634106e-02	1.158763e-01	1.800000e+00	6.999363e-02	1.800000e+00	1.800000e+00	1.800000e+00	1.800000e+00	1.800000e+00	-2.362873e-06	-4.969473e-06	-1.109415e-05	-3.075887e-05
2.293449223571003e-09	1.800000e+00	6.690878e-02	7.040327e-02	7.865463e-02	1.052188e-01	1.800000e+00	6.375058e-02	1.800000e+00	1.800000e+00	1.800000e+00	1.800000e+00	1.800000e+00	-2.166921e-06	-4.558148e-06	-1.017769e-05	-2.801677e-05
2.350592080713860e-09	1.800000e+00	6.091925e-02	6.410391e-02	7.162146e-02	9.553535e-02	1.800000e+00	5.804108e-02	1.800000e+00	1.800000e+00	1.800000e+00	1.800000e+00	1.800000e+00	-1.984965e-06	-4.176005e-06	-9.326106e-06	-2.550988e-05
2.407734937856717e-09	1.800000e+00	5.548845e-02	5.839104e-02	6.524156e-02	8.682588e-02	1.800000e+00	5.286512e-02	1.800000e+00	1.800000e+00	1.800000e+00	1.800000e+00	1.800000e+00	-1.817005e-06	-3.823045e-06	-8.539389e-06	-2.323819e-05
2.464877794999574e-09	1.800000e+00	5.061638e-02	5.326465e-02	5.951492e-02	7.909040e-02	1.800000e+00	4.822271e-02	1.800000e+00	1.800000e+00	1.800000e+00	1.800000e+00	1.800000e+00	-1.663043e-06	-3.499267e-06	-7.817542e-06	-2.120171e-05
2.519163509285288e-09	1.800000e+00	4.635065e-02	4.877653e-02	5.450099e-02	7.231537e-02	1.800000e+00	4.415787e-02	1.800000e+00	1.800000e+00	1.800000e+00	1.800000e+00	1.800000e+00	-1.528154e-06	-3.215625e-06	-7.184575e-06	-1.941796e-05
2.573449223571002e-09	1.800000e+00	4.237842e-02	4.459710e-02	4.983174e-02	6.601782e-02	1.800000e+00	4.037282e-02	1.800000e+00	1.800000e+00	1.800000e+00	1.800000e+00	1.800000e+00	-1.402017e-06	-2.950361e-06	-6.592516e-06	-1.775682e-05
2.627734937856716e-09	1.800000e+00	3.869971e-02	4.072638e-02	4.550716e-02	6.019776e-02	1.800000e+00	3.686756e-02	1.800000e+00	1.800000e+00	1.800000e+00	1.800000e+00	1.800000e+00	-1.284631e-06	-2.703476e-06	-6.041365e-06	-1.621827e-05
2.682020652142430e-09	1.800000e+00	3.531450e-02	3.716436e-02	4.152727e-02	5.485519e-02	1.800000e+00	3.364208e-02	1.800000e+00	1.800000e+00	1.800000e+00	1.800000e+00	1.800000e+00	-1.175997e-06	-2.474968e-06	-5.531121e-06	-1.480233e-05
2.736306366428145e-09	1.800000e+00	3.222279e-02	3.391103e-02	3.789206e-02	4.999011e-02	1.800000e+00	3.069639e-02	1.800000e+00	1.800000e+00	1.800000e+00	1.800000e+00	1.800000e+00	-1.076113e-06	-2.264838e-06	-5.061785e-06	-1.350899e-05
2.790592080713859e-09	1.800000e+00	2.942459e-02	3.096641e-02	3.460153e-02	4.560252e-02	1.800000e+00	2.803048e-02	1.800000e+00	1.800000e+00	1.800000e+00	1.800000e+00	1.800000e+00	-9.849813e-07	-2.073086e-06	-4.633356e-06	-1.233824e-05
2.844877794999573e-09	1.800000e+00	2.691990e-02	2.833049e-02	3.165568e-02	4.169242e-02	1.800000e+00	2.564435e-02	1.800000e+00	1.800000e+00	1.800000e+00	1.800000e+00	1.800000e+00	-9.026006e-07	-1.899713e-06	-4.245835e-06	-1.129010e-05
2.899163509285287e-09	1.800000e+00	2.461236e-02	2.590211e-02	2.894195e-02	3.809024e-02	1.800000e+00	2.344603e-02	1.800000e+00	1.800000e+00	1.800000e+00	1.800000e+00	1.800000e+00	-8.266681e-07	-1.739918e-06	-3.888704e-06	-1.032411e-05
2.953449223571001e-09	1.800000e+00	2.246752e-02	2.364493e-02	2.641956e-02	3.474490e-02	1.800000e+00	2.140271e-02	1.800000e+00	1.800000e+00	1.800000e+00	1.800000e+00	1.800000e+00	-7.559461e-07	-1.591085e-06	-3.556065e-06	-9.426081e-06
3.007734937856715e-09	1.800000e+00	2.048538e-02	2.155896e-02	2.408849e-02	3.165642e-02	1.800000e+00	1.951440e-02	1.800000e+00	1.800000e+00	1.800000e+00	1.800000e+00	1.800000e+00	-6.904345e-07	-1.453214e-06	-3.247916e-06	-8.596015e-06
3.062020652142429e-09	1.800000e+00	1.866593e-02	1.964419e-02	2.194877e-02	2.882478e-02	1.800000e+00	1.778111e-02	1.800000e+00	1.800000e+00	1.800000e+00	1.800000e+00	1.800000e+00	-6.301333e-07	-1.326306e-06	-2.964259e-06	-7.833911e-06
3.116306366428143e-09	1.800000e+00	1.700917e-02	1.790062e-02	2.000038e-02	2.624999e-02	1.800000e+00	1.620282e-02	1.800000e+00	1.800000e+00	1.800000e+00	1.800000e+00	1.800000e+00	-5.750426e-07	-1.210359e-06	-2.705093e-06	-7.139768e-06
3.170592080713857e-09	1.800000e+00	1.551512e-02	1.632827e-02	1.824333e-02	2.393204e-02	1.800000e+00	1.477955e-02	1.800000e+00	1.800000e+00	1.800000e+00	1.800000e+00	1.800000e+00	-5.251623e-07	-1.105374e-06	-2.470418e-06	-6.513587e-06
3.224877794999571e-09	1.800000e+00	1.418375e-02	1.492711e-02	1.667761e-02	2.187095e-02	1.800000e+00	1.351129e-02	1.800000e+00	1.800000e+00	1.800000e+00	1.800000e+00	1.800000e+00	-4.804925e-07	-1.011352e-06	-2.260235e-06	-5.955367e-06
3.279163509285286e-09	1.800000e+00	1.295742e-02	1.363650e-02	1.523546e-02	1.997249e-02	1.800000e+00	1.234308e-02	1.800000e+00	1.800000e+00	1.800000e+00	1.800000e+00	1.800000e+00	-4.393395e-07	-9.247327e-07	-2.066617e-06	-5.441110e-06
3.333449223571000e-09	1.800000e+00	1.181860e-02	1.243799e-02	1.389624e-02	1.821026e-02	1.800000e+00	1.125823e-02	1.800000e+00	1.800000e+00	1.800000e+00	1.800000e+00	1.800000e+00	-4.010845e-07	-8.442135e-07	-1.886636e-06	-4.963492e-06
3.387734937856714e-09	1.800000e+00	1.076729e-02	1.133158e-02	1.265996e-02	1.658426e-02	1.800000e+00	1.025675e-02	1.800000e+00	1.800000e+00	1.800000e+00	1.800000e+00	1.800000e+00	-3.657277e-07	-7.697940e-07	-1.720292e-06	-4.522514e-06
3.442020652142428e-09	1.800000e+00	9.803498e-03	1.031727e-02	1.152660e-02	1.509448e-02	1.800000e+00	9.338647e-03	1.800000e+00	1.800000e+00	1.800000e+00	1.800000e+00	1.800000e+00	-3.332689e-07	-7.014742e-07	-1.567585e-06	-4.118175e-06
3.496306366428142e-09	1.800000e+00	8.927221e-03	9.395066e-03	1.049618e-02	1.374093e-02	1.800000e+00	8.503910e-03	1.800000e+00	1.800000e+00	1.800000e+00	1.800000e+00	1.800000e+00	-3.037082e-07	-6.392540e-07	-1.428515e-06	-3.750475e-06
3.550592080713856e-09	1.800000e+00	8.138459e-03	8.564962e-03	9.568682e-03	1.252361e-02	1.800000e+00	7.752542e-03	1.800000e+00	1.800000e+00	1.800000e+00	1.800000e+00	1.800000e+00	-2.770456e-07	-5.831335e-07	-1.303082e-06	-3.419415e-06
3.604877794999570e-09	1.800000e+00	7.437211e-03	7.826959e-03	8.744121e-03	1.144251e-02	1.800000e+00	7.084545e-03	1.800000e+00	1.800000e+00	1.800000e+00	1.800000e+00	1.800000e+00	-2.532811e-07	-5.331126e-07	-1.191286e-06	-3.124994e-06
3.659163509285285e-09	1.800000e+00	6.791332e-03	7.147227e-03	7.984672e-03	1.044680e-02	1.800000e+00	6.469289e-03	1.800000e+00	1.800000e+00	1.800000e+00	1.800000e+00	1.800000e+00	-2.313912e-07	-4.870379e-07	-1.088312e-06	-2.853807e-06
3.713449223571000e-09	1.800000e+00	6.191827e-03	6.516301e-03	7.279759e-03	9.522769e-03	1.800000e+00	5.898209e-03	1.800000e+00	1.800000e+00	1.800000e+00	1.800000e+00	1.800000e+00	-2.110626e-07	-4.442494e-07	-9.926839e-07	-2.602072e-06
3.767734937856715e-09	1.800000e+00	5.638697e-03	5.934181e-03	6.629382e-03	8.670435e-03	1.800000e+00	5.371305e-03	1.800000e+00	1.800000e+00	1.800000e+00	1.800000e+00	1.800000e+00	-1.922952e-07	-4.047470e-07	-9.044016e-07	-2.369789e-06
3.822020652142429e-09	1.800000e+00	5.131941e-03	5.400866e-03	6.033540e-03	7.889792e-03	1.800000e+00	4.888578e-03	1.800000e+00	1.800000e+00	1.800000e+00	1.800000e+00	1.800000e+00	-1.750891e-07	-3.685307e-07	-8.234650e-07	-2.156959e-06
3.876306366428144e-09	1.800000e+00	4.671560e-03	4.916357e-03	5.492234e-03	7.180842e-03	1.800000e+00	4.450027e-03	1.800000e+00	1.800000e+00	1.800000e+00	1.800000e+00	1.800000e+00	-1.594441e-07	-3.356006e-07	-7.498741e-07	-1.963580e-06
3.930592080713859e-09	1.800000e+00	4.257554e-03	4.480654e-03	5.005463e-03	6.543583e-03	1.800000e+00	4.055653e-03	1.800000e+00	1.800000e+00	1.800000e+00	1.800000e+00	1.800000e+00	-1.453604e-07	-3.059567e-07	-6.836290e-07	-1.789655e-06
3.984877794999574e-09	1.800000e+00	3.889923e-03	4.093756e-03	4.573228e-03	5.978016e-03	1.800000e+00	3.705455e-03	1.800000e+00	1.800000e+00	1.800000e+00	1.800000e+00	1.800000e+00	-1.328379e-07	-2.795989e-07	-6.247296e-07	-1.635181e-06
4.042020652142432e-09	1.800000e+00	3.534946e-03	3.720177e-03	4.155873e-03	5.431931e-03	1.800000e+00	3.367311e-03	1.800000e+00	1.800000e+00	1.800000e+00	1.800000e+00	1.800000e+00	-1.207456e-07	-2.541467e-07	-5.678544e-07	-1.486022e-06
4.099163509285290e-09	1.800000e+00	3.206565e-03	3.374587e-03	3.769790e-03	4.926816e-03	1.800000e+00	3.054502e-03	1.800000e+00	1.800000e+00	1.800000e+00	1.800000e+00	1.800000e+00	-1.095563e-07	-2.305951e-07	-5.152268e-07	-1.348033e-06
4.156306366428148e-09	1.800000e+00	2.904780e-03	3.056987e-03	3.414978e-03	4.462672e-03	1.800000e+00	2.767028e-03	1.800000e+00	1.800000e+00	1.800000e+00	1.800000e+00	1.800000e+00	-9.926995e-08	-2.089441e-07	-4.668468e-07	-1.221212e-06
4.213449223571007e-09	1.800000e+00	2.629591e-03	2.767377e-03	3.091438e-03	4.039499e-03	1.800000e+00	2.504888e-03	1.800000e+00	1.800000e+00	1.800000e+00	1.800000e+00	1.800000e+00	-8.988657e-08	-1.891938e-07	-4.227144e-07	-1.105561e-06
4.270592080713864e-09	1.800000e+00	2.380997e-03	2.505756e-03	2.799169e-03	3.657296e-03	1.800000e+00	2.268083e-03	1.800000e+00	1.800000e+00	1.800000e+00	1.800000e+00	1.800000e+00	-8.140615e-08	-1.713440e-07	-3.828295e-07	-1.001080e-06
4.327734937856723e-09	1.800000e+00	2.158999e-03	2.272125e-03	2.538172e-03	3.316064e-03	1.800000e+00	2.056613e-03	1.800000e+00	1.800000e+00	1.800000e+00	1.800000e+00	1.800000e+00	-7.382869e-08	-1.553948e-07	-3.471923e-07	-9.077678e-07
4.384877794999581e-09	1.800000e+00	1.963597e-03	2.066484e-03	2.308446e-03	3.015803e-03	1.800000e+00	1.870477e-03	1.800000e+00	1.800000e+00	1.800000e+00	1.800000e+00	1.800000e+00	-6.715420e-08	-1.413462e-07	-3.158026e-07	-8.256251e-07
4.444877794999582e-09	1.800000e+00	1.775992e-03	1.869048e-03	2.087887e-03	2.727522e-03	1.800000e+00	1.691768e-03	1.800000e+00	1.800000e+00	1.800000e+00	1.800000e+00	1.800000e+00	-6.074602e-08	-1.278582e-07	-2.856655e-07	-7.467598e-07
4.504877794999583e-09	1.800000e+00	1.602996e-03	1.686987e-03	1.884504e-03	2.461706e-03	1.800000e+00	1.526976e-03	1.800000e+00	1.800000e+00	1.800000e+00	1.800000e+00	1.800000e+00	-5.483605e-08	-1.154189e-07	-2.578716e-07	-6.740342e-07
4.564877794999584e-09	1.800000e+00	1.444609e-03	1.520301e-03	1.698297e-03	2.218353e-03	1.800000e+00	1.376100e-03	1.800000e+00	1.800000e+00	1.800000e+00	1.800000e+00	1.800000e+00	-4.942429e-08	-1.040282e-07	-2.324209e-07	-6.074484e-07
4.624877794999585e-09	1.800000e+00	1.300831e-03	1.368990e-03	1.529266e-03	1.997465e-03	1.800000e+00	1.239141e-03	1.800000e+00	1.800000e+00	1.800000e+00	1.800000e+00	1.800000e+00	-4.451074e-08	-9.368608e-08	-2.093135e-07	-5.470024e-07
4.684877794999586e-09	1.800000e+00	1.171663e-03	1.233053e-03	1.377411e-03	1.799041e-03	1.800000e+00	1.116098e-03	1.800000e+00	1.800000e+00	1.800000e+00	1.800000e+00	1.800000e+00	-4.009541e-08	-8.439264e-08	-1.885492e-07	-4.926960e-07
4.744877794999587e-09	1.800000e+00	1.057104e-03	1.112491e-03	1.242733e-03	1.623081e-03	1.800000e+00	1.006972e-03	1.800000e+00	1.800000e+00	1.800000e+00	1.800000e+00	1.800000e+00	-3.617828e-08	-7.614785e-08	-1.701281e-07	-4.445295e-07
4.804877794999588e-09	1.800000e+00	9.571540e-04	1.007304e-03	1.125230e-03	1.469585e-03	1.800000e+00	9.117622e-04	1.800000e+00	1.800000e+00	1.800000e+00	1.800000e+00	1.800000e+00	-3.275936e-08	-6.895171e-08	-1.540503e-07	-4.025027e-07
4.835609538571075e-09	1.800000e+00	9.084082e-04	9.560044e-04	1.067923e-03	1.394721e-03	1.800000e+00	8.653281e-04	1.800000e+00	1.800000e+00	1.800000e+00	1.800000e+00	1.800000e+00	-3.109211e-08	-6.544248e-08	-1.462098e-07	-3.820064e-07
4.866341282142563e-09	1.800000e+00	8.618713e-04	9.070292e-04	1.013214e-03	1.323252e-03	1.800000e+00	8.209982e-04	1.800000e+00	1.800000e+00	1.800000e+00	1.800000e+00	1.800000e+00	-2.950033e-08	-6.209211e-08	-1.387243e-07	-3.624388e-07
4.897073025714050e-09	1.800000e+00	8.175433e-04	8.603786e-04	9.611012e-04	1.255176e-03	1.800000e+00	7.787724e-04	1.800000e+00	1.800000e+00	1.800000e+00	1.800000e+00	1.800000e+00	-2.798403e-08	-5.890059e-08	-1.315937e-07	-3.437998e-07
4.927804769285538e-09	1.800000e+00	7.754242e-04	8.160526e-04	9.115854e-04	1.190494e-03	1.800000e+00	7.386507e-04	1.800000e+00	1.800000e+00	1.800000e+00	1.800000e+00	1.800000e+00	-2.654319e-08	-5.586793e-08	-1.248180e-07	-3.260894e-07
4.958536512857026e-09	1.800000e+00	7.355140e-04	7.740512e-04	8.646664e-04	1.129206e-03	1.800000e+00	7.006332e-04	1.800000e+00	1.800000e+00	1.800000e+00	1.800000e+00	1.800000e+00	-2.517783e-08	-5.299411e-08	-1.183973e-07	-3.093076e-07
4.989268256428513e-09	1.800000e+00	6.978127e-04	7.343745e-04	8.203444e-04	1.071312e-03	1.800000e+00	6.647198e-04	1.800000e+00	1.800000e+00	1.800000e+00	1.800000e+00	1.800000e+00	-2.388794e-08	-5.027915e-08	-1.123315e-07	-2.934544e-07
5.020000000000000e-09	1.800000e+00	6.623203e-04	6.970224e-04	7.786192e-04	1.016812e-03	1.800000e+00	6.309106e-04	1.800000e+00	1.800000e+00	1.800000e+00	1.800000e+00	1.800000e+00	-2.267352e-08	-4.772304e-08	-1.066207e-07	-2.785298e-07
5.040000000000001e-09	0.000000e+00	6.868263e-04	7.005385e-04	7.670170e-04	9.901989e-04	1.800000e+00	7.861394e-04	1.800000e+00	1.800000e+00	1.800000e+00	1.800000e+00	1.800000e+00	7.168556e-08	6.178757e-08	1.380247e-08	-1.472756e-07
5.060000000000001e-09	0.000000e+00	7.444426e-04	7.295581e-04	7.717242e-04	9.733884e-04	1.800000e+00	8.047676e-04	1.800000e+00	1.800000e+00	1.800000e+00	1.800000e+00	1.800000e+00	4.354713e-08	5.429094e-08	2.385528e-08	-1.216933e-07
5.080000000000001e-09	0.000000e+00	7.799643e-04	7.545847e-04	7.782939e-04	9.594067e-04	1.800000e+00	8.180598e-04	1.800000e+00	1.800000e+00	1.800000e+00	1.800000e+00	1.800000e+00	2.749649e-08	4.581539e-08	2.870220e-08	-1.020141e-07
5.100000000000002e-09	0.000000e+00	8.027774e-04	7.754941e-04	7.856896e-04	9.476299e-04	1.800000e+00	8.278959e-04	1.800000e+00	1.800000e+00	1.800000e+00	1.800000e+00	1.800000e+00	1.812976e-08	3.782234e-08	3.046340e-08	-8.641550e-08
5.120000000000002e-09	0.000000e+00	8.180939e-04	7.926642e-04	7.932976e-04	9.376188e-04	1.800000e+00	8.354172e-04	1.800000e+00	1.800000e+00	1.800000e+00	1.800000e+00	1.800000e+00	1.250335e-08	3.085785e-08	3.040069e-08	-7.376189e-08
5.160000000000003e-09	0.000000e+00	8.367191e-04	8.179648e-04	8.078631e-04	9.216827e-04	1.800000e+00	8.460567e-04	1.800000e+00	1.800000e+00	1.800000e+00	1.800000e+00	1.800000e+00	6.739415e-09	2.027558e-08	2.756668e-08	-5.458169e-08
5.220000000000004e-09	0.000000e+00	8.511121e-04	8.406554e-04	8.262221e-04	9.050315e-04	1.800000e+00	8.557549e-04	1.800000e+00	1.800000e+00	1.800000e+00	1.800000e+00	1.800000e+00	3.350936e-09	1.089808e-08	2.131547e-08	-3.556449e-08
5.280000000000005e-09	0.000000e+00	8.588062e-04	8.530449e-04	8.399746e-04	8.940960e-04	1.800000e+00	8.614803e-04	1.800000e+00	1.800000e+00	1.800000e+00	1.800000e+00	1.800000e+00	1.930007e-09	6.088194e-09	1.552172e-08	-2.353993e-08
5.331428571428577e-09	0.000000e+00	8.621992e-04	8.581518e-04	8.476547e-04	8.885552e-04	1.800000e+00	8.641401e-04	1.800000e+00	1.800000e+00	1.800000e+00	1.800000e+00	1.800000e+00	1.400854e-09	4.322029e-09	1.189832e-08	-1.762120e-08
5.382857142857150e-09	0.000000e+00	8.650279e-04	8.623818e-04	8.541378e-04	8.839025e-04	1.800000e+00	8.663624e-04	1.800000e+00	1.800000e+00	1.800000e+00	1.800000e+00	1.800000e+00	9.632007e-10	2.872988e-09	8.823107e-09	-1.265930e-08
5.434285714285722e-09	0.000000e+00	8.672924e-04	8.657350e-04	8.594239e-04	8.801382e-04	1.800000e+00	8.681473e-04	1.800000e+00	1.800000e+00	1.800000e+00	1.800000e+00	1.800000e+00	6.170478e-10	1.741073e-09	6.296088e-09	-8.654212e-09
5.485714285714294e-09	0.000000e+00	8.689926e-04	8.682113e-04	8.635129e-04	8.772620e-04	1.800000e+00	8.694947e-04	1.800000e+00	1.800000e+00	1.800000e+00	1.800000e+00	1.800000e+00	3.623951e-10	9.262833e-10	4.317263e-09	-5.605944e-09
5.537142857142867e-09	0.000000e+00	8.701285e-04	8.698107e-04	8.664050e-04	8.752741e-04	1.800000e+00	8.704046e-04	1.800000e+00	1.800000e+00	1.800000e+00	1.800000e+00	1.800000e+00	1.992427e-10	4.286186e-10	2.886631e-09	-3.514495e-09
5.588571428571439e-09	0.000000e+00	8.707002e-04	8.705333e-04	8.681001e-04	8.741744e-04	1.800000e+00	8.708770e-04	1.800000e+00	1.800000e+00	1.800000e+00	1.800000e+00	1.800000e+00	1.275906e-10	2.480789e-10	2.004193e-09	-2.379865e-09
5.640000000000011e-09	0.000000e+00	8.707077e-04	8.703790e-04	8.685982e-04	8.739630e-04	1.800000e+00	8.709120e-04	1.800000e+00	1.800000e+00	1.800000e+00	1.800000e+00	1.800000e+00	1.474388e-10	3.846644e-10	1.669947e-09	-2.202053e-09
5.957142857142872e-09	0.000000e+00	8.711978e-04	8.710118e-04	8.700029e-04	8.730412e-04	1.800000e+00	8.713134e-04	1.800000e+00	1.800000e+00	1.800000e+00	1.800000e+00	1.800000e+00	8.346911e-11	2.176823e-10	9.458565e-10	-1.247010e-09
6.274285714285731e-09	0.000000e+00	8.715783e-04	8.715032e-04	8.710936e-04	8.723255e-04	1.800000e+00	8.716251e-04	1.800000e+00	1.800000e+00	1.800000e+00	1.800000e+00	1.800000e+00	3.380172e-11	8.804351e-11	3.836082e-10	-5.054555e-10
6.591428571428592e-09	0.000000e+00	8.718493e-04	8.718530e-04	8.718704e-04	8.718158e-04	1.800000e+00	8.718471e-04	1.800000e+00	1.800000e+00	1.800000e+00	1.800000e+00	1.800000e+00	-1.563320e-12	-4.251924e-12	-1.679792e-11	2.261108e-11
6.908571428571452e-09	0.000000e+00	8.720107e-04	8.720613e-04	8.723331e-04	8.715121e-04	1.800000e+00	8.719793e-04	1.800000e+00	1.800000e+00	1.800000e+00	1.800000e+00	1.800000e+00	-2.262602e-11	-5.920400e-11	-2.553617e-10	3.371897e-10
7.225714285714312e-09	0.000000e+00	8.720625e-04	8.721282e-04	8.724819e-04	8.714145e-04	1.800000e+00	8.720218e-04	1.800000e+00	1.800000e+00	1.800000e+00	1.800000e+00	1.800000e+00	-2.938638e-11	-7.681271e-11	-3.320833e-10	4.382803e-10
7.542857142857173e-09	0.000000e+00	8.720048e-04	8.720536e-04	8.723167e-04	8.715230e-04	1.800000e+00	8.719745e-04	1.800000e+00	1.800000e+00	1.800000e+00	1.800000e+00	1.800000e+00	-2.184439e-11	-5.707807e-11	-2.469626e-10	3.258830e-10
7.860000000000032e-09	0.000000e+00	8.718375e-04	8.718375e-04	8.718375e-04	8.718375e-04	1.800000e+00	8.718375e-04	1.800000e+00	1.800000e+00	1.800000e+00	1.800000e+00	1.800000e+00	-5.547155e-17	-6.465868e-17	4.071501e-16	-2.362148e-15
1.851999999999977e-08	0.000000e+00	8.718374e-04	8.718374e-04	8.718374e-04	8.718374e-04	1.800000e+00	8.718374e-04	1.800000e+00	1.800000e+00	1.800000e+00	1.800000e+00	1.800000e+00	-1.383419e-16	-2.766846e-16	-5.533666e-16	-1.106735e-15